"","Code","Description","cat"
"3","01110","Growing of cereals (except rice), leguminous crops and oil seeds","Agriculture, Forestry and Fishing"
"4","01120","Growing of rice","Agriculture, Forestry and Fishing"
"5","01130","Growing of vegetables and melons, roots and tubers","Agriculture, Forestry and Fishing"
"6","01140","Growing of sugar cane","Agriculture, Forestry and Fishing"
"7","01150","Growing of tobacco","Agriculture, Forestry and Fishing"
"8","01160","Growing of fibre crops","Agriculture, Forestry and Fishing"
"9","01190","Growing of other non-perennial crops","Agriculture, Forestry and Fishing"
"10","01210","Growing of grapes","Agriculture, Forestry and Fishing"
"11","01220","Growing of tropical and subtropical fruits","Agriculture, Forestry and Fishing"
"12","01230","Growing of citrus fruits","Agriculture, Forestry and Fishing"
"13","01240","Growing of pome fruits and stone fruits","Agriculture, Forestry and Fishing"
"14","01250","Growing of other tree and bush fruits and nuts","Agriculture, Forestry and Fishing"
"15","01260","Growing of oleaginous fruits","Agriculture, Forestry and Fishing"
"16","01270","Growing of beverage crops","Agriculture, Forestry and Fishing"
"17","01280","Growing of spices, aromatic, drug and pharmaceutical crops","Agriculture, Forestry and Fishing"
"18","01290","Growing of other perennial crops","Agriculture, Forestry and Fishing"
"19","01300","Plant propagation","Agriculture, Forestry and Fishing"
"20","01410","Raising of dairy cattle","Agriculture, Forestry and Fishing"
"21","01420","Raising of other cattle and buffaloes","Agriculture, Forestry and Fishing"
"22","01430","Raising of horses and other equines","Agriculture, Forestry and Fishing"
"23","01440","Raising of camels and camelids","Agriculture, Forestry and Fishing"
"24","01450","Raising of sheep and  goats","Agriculture, Forestry and Fishing"
"25","01460","Raising of swine/pigs","Agriculture, Forestry and Fishing"
"26","01470","Raising of poultry","Agriculture, Forestry and Fishing"
"27","01490","Raising of other animals","Agriculture, Forestry and Fishing"
"28","01500","Mixed farming","Agriculture, Forestry and Fishing"
"29","01610","Support activities for crop production","Agriculture, Forestry and Fishing"
"30","01621","Farm animal boarding and care","Agriculture, Forestry and Fishing"
"31","01629","Support activities for animal production (other than farm animal boarding and care) n.e.c.","Agriculture, Forestry and Fishing"
"32","01630","Post-harvest crop activities","Agriculture, Forestry and Fishing"
"33","01640","Seed processing for propagation","Agriculture, Forestry and Fishing"
"34","01700","Hunting, trapping and related service activities","Agriculture, Forestry and Fishing"
"35","02100","Silviculture and other forestry activities","Agriculture, Forestry and Fishing"
"36","02200","Logging","Agriculture, Forestry and Fishing"
"37","02300","Gathering of wild growing non-wood products","Agriculture, Forestry and Fishing"
"38","02400","Support services to forestry","Agriculture, Forestry and Fishing"
"39","03110","Marine fishing","Agriculture, Forestry and Fishing"
"40","03120","Freshwater fishing","Agriculture, Forestry and Fishing"
"41","03210","Marine aquaculture","Agriculture, Forestry and Fishing"
"42","03220","Freshwater aquaculture","Agriculture, Forestry and Fishing"
"44","05101","Deep coal mines","Mining and Quarrying"
"45","05102","Open cast coal working","Mining and Quarrying"
"46","05200","Mining of lignite","Mining and Quarrying"
"47","06100","Extraction of crude petroleum","Mining and Quarrying"
"48","06200","Extraction of natural gas","Mining and Quarrying"
"49","07100","Mining of iron ores","Mining and Quarrying"
"50","07210","Mining of uranium and thorium ores","Mining and Quarrying"
"51","07290","Mining of other non-ferrous metal ores","Mining and Quarrying"
"52","08110","Quarrying of ornamental and building stone, limestone, gypsum, chalk and slate","Mining and Quarrying"
"53","08120","Operation of gravel and sand pits; mining of clays and kaolin","Mining and Quarrying"
"54","08910","Mining of chemical and fertilizer minerals","Mining and Quarrying"
"55","08920","Extraction of peat","Mining and Quarrying"
"56","08930","Extraction of salt","Mining and Quarrying"
"57","08990","Other mining and quarrying n.e.c.","Mining and Quarrying"
"58","09100","Support activities for petroleum and natural gas mining","Mining and Quarrying"
"59","09900","Support activities for other mining and quarrying","Mining and Quarrying"
"61","10110","Processing and preserving of meat","Manufacturing"
"62","10120","Processing and preserving of poultry meat","Manufacturing"
"63","10130","Production of meat and poultry meat products","Manufacturing"
"64","10200","Processing and preserving of fish, crustaceans and molluscs","Manufacturing"
"65","10310","Processing and preserving of potatoes","Manufacturing"
"66","10320","Manufacture of fruit and vegetable juice","Manufacturing"
"67","10390","Other processing and preserving of fruit and vegetables","Manufacturing"
"68","10410","Manufacture of oils and fats","Manufacturing"
"69","10420","Manufacture of margarine and similar edible fats","Manufacturing"
"70","10511","Liquid milk and cream production","Manufacturing"
"71","10512","Butter and cheese production","Manufacturing"
"72","10519","Manufacture of other milk products","Manufacturing"
"73","10520","Manufacture of ice cream","Manufacturing"
"74","10611","Grain milling","Manufacturing"
"75","10612","Manufacture of breakfast cereals and cereals-based food","Manufacturing"
"76","10620","Manufacture of starches and starch products","Manufacturing"
"77","10710","Manufacture of bread; manufacture of fresh pastry goods and cakes","Manufacturing"
"78","10720","Manufacture of rusks and biscuits; manufacture of preserved pastry goods and cakes","Manufacturing"
"79","10730","Manufacture of macaroni, noodles, couscous and similar farinaceous products","Manufacturing"
"80","10810","Manufacture of sugar","Manufacturing"
"81","10821","Manufacture of cocoa and chocolate confectionery","Manufacturing"
"82","10822","Manufacture of sugar confectionery","Manufacturing"
"83","10831","Tea processing","Manufacturing"
"84","10832","Production of coffee and coffee substitutes","Manufacturing"
"85","10840","Manufacture of condiments and seasonings","Manufacturing"
"86","10850","Manufacture of prepared meals and dishes","Manufacturing"
"87","10860","Manufacture of homogenized food preparations and dietetic food","Manufacturing"
"88","10890","Manufacture of other food products n.e.c.","Manufacturing"
"89","10910","Manufacture of prepared feeds for farm animals","Manufacturing"
"90","10920","Manufacture of prepared pet foods","Manufacturing"
"91","11010","Distilling, rectifying and blending of spirits","Manufacturing"
"92","11020","Manufacture of wine from grape","Manufacturing"
"93","11030","Manufacture of cider and other fruit wines","Manufacturing"
"94","11040","Manufacture of other non-distilled fermented beverages","Manufacturing"
"95","11050","Manufacture of beer","Manufacturing"
"96","11060","Manufacture of malt","Manufacturing"
"97","11070","Manufacture of soft drinks; production of mineral waters and other bottled waters","Manufacturing"
"98","12000","Manufacture of tobacco products","Manufacturing"
"99","13100","Preparation and spinning of textile fibres","Manufacturing"
"100","13200","Weaving of textiles","Manufacturing"
"101","13300","Finishing of textiles","Manufacturing"
"102","13910","Manufacture of knitted and crocheted fabrics","Manufacturing"
"103","13921","Manufacture of soft furnishings","Manufacturing"
"104","13922","manufacture of canvas goods, sacks, etc.","Manufacturing"
"105","13923","manufacture of household textiles","Manufacturing"
"106","13931","Manufacture of woven or tufted carpets and rugs","Manufacturing"
"107","13939","Manufacture of other carpets and rugs","Manufacturing"
"108","13940","Manufacture of cordage, rope, twine and netting","Manufacturing"
"109","13950","Manufacture of non-wovens and articles made from non-wovens, except apparel","Manufacturing"
"110","13960","Manufacture of other technical and industrial textiles","Manufacturing"
"111","13990","Manufacture of other textiles n.e.c.","Manufacturing"
"112","14110","Manufacture of leather clothes","Manufacturing"
"113","14120","Manufacture of workwear","Manufacturing"
"114","14131","Manufacture of other men's outerwear","Manufacturing"
"115","14132","Manufacture of other women's outerwear","Manufacturing"
"116","14141","Manufacture of men's underwear","Manufacturing"
"117","14142","Manufacture of women's underwear","Manufacturing"
"118","14190","Manufacture of other wearing apparel and accessories n.e.c.","Manufacturing"
"119","14200","Manufacture of articles of fur","Manufacturing"
"120","14310","Manufacture of knitted and crocheted hosiery","Manufacturing"
"121","14390","Manufacture of other knitted and crocheted apparel","Manufacturing"
"122","15110","Tanning and dressing of leather; dressing and dyeing of fur","Manufacturing"
"123","15120","Manufacture of luggage, handbags and the like, saddlery and harness","Manufacturing"
"124","15200","Manufacture of footwear","Manufacturing"
"125","16100","Sawmilling and planing of wood","Manufacturing"
"126","16210","Manufacture of veneer sheets and wood-based panels","Manufacturing"
"127","16220","Manufacture of assembled parquet floors","Manufacturing"
"128","16230","Manufacture of other builders' carpentry and joinery","Manufacturing"
"129","16240","Manufacture of wooden containers","Manufacturing"
"130","16290","Manufacture of other products of wood; manufacture of articles of cork, straw and plaiting materials","Manufacturing"
"131","17110","Manufacture of pulp","Manufacturing"
"132","17120","Manufacture of paper and paperboard","Manufacturing"
"133","17211","Manufacture of corrugated paper and paperboard, sacks and bags","Manufacturing"
"134","17219","Manufacture of other paper and paperboard containers","Manufacturing"
"135","17220","Manufacture of household and sanitary goods and of toilet requisites","Manufacturing"
"136","17230","Manufacture of paper stationery","Manufacturing"
"137","17240","Manufacture of wallpaper","Manufacturing"
"138","17290","Manufacture of other articles of paper and paperboard n.e.c.","Manufacturing"
"139","18110","Printing of newspapers","Manufacturing"
"140","18121","Manufacture of printed labels","Manufacturing"
"141","18129","Printing n.e.c.","Manufacturing"
"142","18130","Pre-press and pre-media services","Manufacturing"
"143","18140","Binding and related services","Manufacturing"
"144","18201","Reproduction of sound recording","Manufacturing"
"145","18202","Reproduction of video recording","Manufacturing"
"146","18203","Reproduction of computer media","Manufacturing"
"147","19100","Manufacture of coke oven products","Manufacturing"
"148","19201","Mineral oil refining","Manufacturing"
"149","19209","Other treatment of petroleum products (excluding petrochemicals manufacture)","Manufacturing"
"150","20110","Manufacture of industrial gases","Manufacturing"
"151","20120","Manufacture of dyes and pigments","Manufacturing"
"152","20130","Manufacture of other inorganic basic chemicals","Manufacturing"
"153","20140","Manufacture of other organic basic chemicals","Manufacturing"
"154","20150","Manufacture of fertilizers and nitrogen compounds","Manufacturing"
"155","20160","Manufacture of plastics in primary forms","Manufacturing"
"156","20170","Manufacture of synthetic rubber in primary forms","Manufacturing"
"157","20200","Manufacture of pesticides and other agrochemical products","Manufacturing"
"158","20301","Manufacture of paints, varnishes and similar coatings, mastics and sealants","Manufacturing"
"159","20302","Manufacture of printing ink","Manufacturing"
"160","20411","Manufacture of soap and detergents","Manufacturing"
"161","20412","Manufacture of cleaning and polishing preparations","Manufacturing"
"162","20420","Manufacture of perfumes and toilet preparations","Manufacturing"
"163","20510","Manufacture of explosives","Manufacturing"
"164","20520","Manufacture of glues","Manufacturing"
"165","20530","Manufacture of essential oils","Manufacturing"
"166","20590","Manufacture of other chemical products n.e.c.","Manufacturing"
"167","20600","Manufacture of man-made fibres","Manufacturing"
"168","21100","Manufacture of basic pharmaceutical products","Manufacturing"
"169","21200","Manufacture of pharmaceutical preparations","Manufacturing"
"170","22110","Manufacture of rubber tyres and tubes; retreading and rebuilding of rubber tyres","Manufacturing"
"171","22190","Manufacture of other rubber products","Manufacturing"
"172","22210","Manufacture of plastic plates, sheets, tubes and profiles","Manufacturing"
"173","22220","Manufacture of plastic packing goods","Manufacturing"
"174","22230","Manufacture of builders  ware of plastic","Manufacturing"
"175","22290","Manufacture of other plastic products","Manufacturing"
"176","23110","Manufacture of flat glass","Manufacturing"
"177","23120","Shaping and processing of flat glass","Manufacturing"
"178","23130","Manufacture of hollow glass","Manufacturing"
"179","23140","Manufacture of glass fibres","Manufacturing"
"180","23190","Manufacture and processing of other glass, including technical glassware","Manufacturing"
"181","23200","Manufacture of refractory products","Manufacturing"
"182","23310","Manufacture of ceramic tiles and flags","Manufacturing"
"183","23320","Manufacture of bricks, tiles and construction products, in baked clay","Manufacturing"
"184","23410","Manufacture of ceramic household and ornamental articles","Manufacturing"
"185","23420","Manufacture of ceramic sanitary fixtures","Manufacturing"
"186","23430","Manufacture of ceramic insulators and insulating fittings","Manufacturing"
"187","23440","Manufacture of other technical ceramic products","Manufacturing"
"188","23490","Manufacture of other ceramic products n.e.c.","Manufacturing"
"189","23510","Manufacture of cement","Manufacturing"
"190","23520","Manufacture of lime and plaster","Manufacturing"
"191","23610","Manufacture of concrete products for construction purposes","Manufacturing"
"192","23620","Manufacture of plaster products for construction purposes","Manufacturing"
"193","23630","Manufacture of ready-mixed concrete","Manufacturing"
"194","23640","Manufacture of mortars","Manufacturing"
"195","23650","Manufacture of fibre cement","Manufacturing"
"196","23690","Manufacture of other articles of concrete, plaster and cement","Manufacturing"
"197","23700","Cutting, shaping and finishing of stone","Manufacturing"
"198","23910","Production of abrasive products","Manufacturing"
"199","23990","Manufacture of other non-metallic mineral products n.e.c.","Manufacturing"
"200","24100","Manufacture of basic iron and steel and of ferro-alloys","Manufacturing"
"201","24200","Manufacture of tubes, pipes, hollow profiles and related fittings, of steel","Manufacturing"
"202","24310","Cold drawing of bars","Manufacturing"
"203","24320","Cold rolling of narrow strip","Manufacturing"
"204","24330","Cold forming or folding","Manufacturing"
"205","24340","Cold drawing of wire","Manufacturing"
"206","24410","Precious metals production","Manufacturing"
"207","24420","Aluminium production","Manufacturing"
"208","24430","Lead, zinc and tin production","Manufacturing"
"209","24440","Copper production","Manufacturing"
"210","24450","Other non-ferrous metal production","Manufacturing"
"211","24460","Processing of nuclear fuel","Manufacturing"
"212","24510","Casting of iron","Manufacturing"
"213","24520","Casting of steel","Manufacturing"
"214","24530","Casting of light metals","Manufacturing"
"215","24540","Casting of other non-ferrous metals","Manufacturing"
"216","25110","Manufacture of metal structures and parts of structures","Manufacturing"
"217","25120","Manufacture of doors and windows of metal","Manufacturing"
"218","25210","Manufacture of central heating radiators and boilers","Manufacturing"
"219","25290","Manufacture of other tanks, reservoirs and containers of metal","Manufacturing"
"220","25300","Manufacture of steam generators, except central heating hot water boilers","Manufacturing"
"221","25400","Manufacture of weapons and ammunition","Manufacturing"
"222","25500","Forging, pressing, stamping and roll-forming of metal; powder metallurgy","Manufacturing"
"223","25610","Treatment and coating of metals","Manufacturing"
"224","25620","Machining","Manufacturing"
"225","25710","Manufacture of cutlery","Manufacturing"
"226","25720","Manufacture of locks and hinges","Manufacturing"
"227","25730","Manufacture of tools","Manufacturing"
"228","25910","Manufacture of steel drums and similar containers","Manufacturing"
"229","25920","Manufacture of light metal packaging","Manufacturing"
"230","25930","Manufacture of wire products, chain and springs","Manufacturing"
"231","25940","Manufacture of fasteners and screw machine products","Manufacturing"
"232","25990","Manufacture of other fabricated metal products n.e.c.","Manufacturing"
"233","26110","Manufacture of electronic components","Manufacturing"
"234","26120","Manufacture of loaded electronic boards","Manufacturing"
"235","26200","Manufacture of computers and peripheral equipment","Manufacturing"
"236","26301","Manufacture of telegraph and telephone apparatus and equipment","Manufacturing"
"237","26309","Manufacture of communication equipment other than telegraph, and telephone apparatus and equipment","Manufacturing"
"238","26400","Manufacture of consumer electronics","Manufacturing"
"239","26511","Manufacture of electronic measuring, testing etc. equipment, not for industrial process control","Manufacturing"
"240","26512","Manufacture of electronic industrial process control equipment","Manufacturing"
"241","26513","Manufacture of non-electronic measuring, testing etc. equipment, not for industrial process control","Manufacturing"
"242","26514","Manufacture of non-electronic industrial process control equipment","Manufacturing"
"243","26520","Manufacture of watches and clocks","Manufacturing"
"244","26600","Manufacture of irradiation, electromedical and electrotherapeutic equipment","Manufacturing"
"245","26701","Manufacture of optical precision instruments","Manufacturing"
"246","26702","Manufacture of photographic and cinematographic equipment","Manufacturing"
"247","26800","Manufacture of magnetic and optical media","Manufacturing"
"248","27110","Manufacture of electric motors, generators and transformers","Manufacturing"
"249","27120","Manufacture of electricity distribution and control apparatus","Manufacturing"
"250","27200","Manufacture of batteries and accumulators","Manufacturing"
"251","27310","Manufacture of fibre optic cables","Manufacturing"
"252","27320","Manufacture of other electronic and electric wires and cables","Manufacturing"
"253","27330","Manufacture of wiring devices","Manufacturing"
"254","27400","Manufacture of electric lighting equipment","Manufacturing"
"255","27510","Manufacture of electric domestic appliances","Manufacturing"
"256","27520","Manufacture of non-electric domestic appliances","Manufacturing"
"257","27900","Manufacture of other electrical equipment","Manufacturing"
"258","28110","Manufacture of engines and turbines, except aircraft, vehicle and cycle engines","Manufacturing"
"259","28120","Manufacture of fluid power equipment","Manufacturing"
"260","28131","Manufacture of pumps","Manufacturing"
"261","28132","Manufacture of compressors","Manufacturing"
"262","28140","Manufacture of taps and valves","Manufacturing"
"263","28150","Manufacture of bearings, gears, gearing and driving elements","Manufacturing"
"264","28210","Manufacture of ovens, furnaces and furnace burners","Manufacturing"
"265","28220","Manufacture of lifting and handling equipment","Manufacturing"
"266","28230","Manufacture of office machinery and equipment (except computers and peripheral equipment)","Manufacturing"
"267","28240","Manufacture of power-driven hand tools","Manufacturing"
"268","28250","Manufacture of non-domestic cooling and ventilation equipment","Manufacturing"
"269","28290","Manufacture of other general-purpose machinery n.e.c.","Manufacturing"
"270","28301","Manufacture of agricultural tractors","Manufacturing"
"271","28302","Manufacture of agricultural and forestry machinery other than tractors","Manufacturing"
"272","28410","Manufacture of metal forming machinery","Manufacturing"
"273","28490","Manufacture of other machine tools","Manufacturing"
"274","28910","Manufacture of machinery for metallurgy","Manufacturing"
"275","28921","Manufacture of machinery for mining","Manufacturing"
"276","28922","Manufacture of earthmoving equipment","Manufacturing"
"277","28923","Manufacture of equipment for concrete crushing and screening and roadworks","Manufacturing"
"278","28930","Manufacture of machinery for food, beverage and tobacco processing","Manufacturing"
"279","28940","Manufacture of machinery for textile, apparel and leather production","Manufacturing"
"280","28950","Manufacture of machinery for paper and paperboard production","Manufacturing"
"281","28960","Manufacture of plastics and rubber machinery","Manufacturing"
"282","28990","Manufacture of other special-purpose machinery n.e.c.","Manufacturing"
"283","29100","Manufacture of motor vehicles","Manufacturing"
"284","29201","Manufacture of bodies (coachwork) for motor vehicles (except caravans)","Manufacturing"
"285","29202","Manufacture of trailers and semi-trailers","Manufacturing"
"286","29203","Manufacture of caravans","Manufacturing"
"287","29310","Manufacture of electrical and electronic equipment for motor vehicles and their engines","Manufacturing"
"288","29320","Manufacture of other parts and accessories for motor vehicles","Manufacturing"
"289","30110","Building of ships and floating structures","Manufacturing"
"290","30120","Building of pleasure and sporting boats","Manufacturing"
"291","30200","Manufacture of railway locomotives and rolling stock","Manufacturing"
"292","30300","Manufacture of air and spacecraft and related machinery","Manufacturing"
"293","30400","Manufacture of military fighting vehicles","Manufacturing"
"294","30910","Manufacture of motorcycles","Manufacturing"
"295","30920","Manufacture of bicycles and invalid carriages","Manufacturing"
"296","30990","Manufacture of other transport equipment n.e.c.","Manufacturing"
"297","31010","Manufacture of office and shop furniture","Manufacturing"
"298","31020","Manufacture of kitchen furniture","Manufacturing"
"299","31030","Manufacture of mattresses","Manufacturing"
"300","31090","Manufacture of other furniture","Manufacturing"
"301","32110","Striking of coins","Manufacturing"
"302","32120","Manufacture of jewellery and related articles","Manufacturing"
"303","32130","Manufacture of imitation jewellery and related articles","Manufacturing"
"304","32200","Manufacture of musical instruments","Manufacturing"
"305","32300","Manufacture of sports goods","Manufacturing"
"306","32401","Manufacture of professional and arcade games and toys","Manufacturing"
"307","32409","Manufacture of other games and toys, n.e.c.","Manufacturing"
"308","32500","Manufacture of medical and dental instruments and supplies","Manufacturing"
"309","32910","Manufacture of brooms and brushes","Manufacturing"
"310","32990","Other manufacturing n.e.c.","Manufacturing"
"311","33110","Repair of fabricated metal products","Manufacturing"
"312","33120","Repair of machinery","Manufacturing"
"313","33130","Repair of electronic and optical equipment","Manufacturing"
"314","33140","Repair of electrical equipment","Manufacturing"
"315","33150","Repair and maintenance of ships and boats","Manufacturing"
"316","33160","Repair and maintenance of aircraft and spacecraft","Manufacturing"
"317","33170","Repair and maintenance of other transport equipment n.e.c.","Manufacturing"
"318","33190","Repair of other equipment","Manufacturing"
"319","33200","Installation of industrial machinery and equipment","Manufacturing"
"321","35110","Production of electricity","Electricity, gas, steam and air conditioning supply"
"322","35120","Transmission of electricity","Electricity, gas, steam and air conditioning supply"
"323","35130","Distribution of electricity","Electricity, gas, steam and air conditioning supply"
"324","35140","Trade of electricity","Electricity, gas, steam and air conditioning supply"
"325","35210","Manufacture of gas","Electricity, gas, steam and air conditioning supply"
"326","35220","Distribution of gaseous fuels through mains","Electricity, gas, steam and air conditioning supply"
"327","35230","Trade of gas through mains","Electricity, gas, steam and air conditioning supply"
"328","35300","Steam and air conditioning supply","Electricity, gas, steam and air conditioning supply"
"330","36000","Water collection, treatment and supply","Water supply, sewerage, waste management and remediation activities"
"331","37000","Sewerage","Water supply, sewerage, waste management and remediation activities"
"332","38110","Collection of non-hazardous waste","Water supply, sewerage, waste management and remediation activities"
"333","38120","Collection of hazardous waste","Water supply, sewerage, waste management and remediation activities"
"334","38210","Treatment and disposal of non-hazardous waste","Water supply, sewerage, waste management and remediation activities"
"335","38220","Treatment and disposal of hazardous waste","Water supply, sewerage, waste management and remediation activities"
"336","38310","Dismantling of wrecks","Water supply, sewerage, waste management and remediation activities"
"337","38320","Recovery of sorted materials","Water supply, sewerage, waste management and remediation activities"
"338","39000","Remediation activities and other waste management services","Water supply, sewerage, waste management and remediation activities"
"340","41100","Development of building projects","Construction"
"341","41201","Construction of commercial buildings","Construction"
"342","41202","Construction of domestic buildings","Construction"
"343","42110","Construction of roads and motorways","Construction"
"344","42120","Construction of railways and underground railways","Construction"
"345","42130","Construction of bridges and tunnels","Construction"
"346","42210","Construction of utility projects for fluids","Construction"
"347","42220","Construction of utility projects for electricity and telecommunications","Construction"
"348","42910","Construction of water projects","Construction"
"349","42990","Construction of other civil engineering projects n.e.c.","Construction"
"350","43110","Demolition","Construction"
"351","43120","Site preparation","Construction"
"352","43130","Test drilling and boring","Construction"
"353","43210","Electrical installation","Construction"
"354","43220","Plumbing, heat and air-conditioning installation","Construction"
"355","43290","Other construction installation","Construction"
"356","43310","Plastering","Construction"
"357","43320","Joinery installation","Construction"
"358","43330","Floor and wall covering","Construction"
"359","43341","Painting","Construction"
"360","43342","Glazing","Construction"
"361","43390","Other building completion and finishing","Construction"
"362","43910","Roofing activities","Construction"
"363","43991","Scaffold erection","Construction"
"364","43999","Other specialised construction activities n.e.c.","Construction"
"366","45111","Sale of new cars and light motor vehicles","Wholesale and retail trade; repair of motor vehicles and motorcycles"
"367","45112","Sale of used cars and light motor vehicles","Wholesale and retail trade; repair of motor vehicles and motorcycles"
"368","45190","Sale of other motor vehicles","Wholesale and retail trade; repair of motor vehicles and motorcycles"
"369","45200","Maintenance and repair of motor vehicles","Wholesale and retail trade; repair of motor vehicles and motorcycles"
"370","45310","Wholesale trade of motor vehicle parts and accessories","Wholesale and retail trade; repair of motor vehicles and motorcycles"
"371","45320","Retail trade of motor vehicle parts and accessories","Wholesale and retail trade; repair of motor vehicles and motorcycles"
"372","45400","Sale, maintenance and repair of motorcycles and related parts and accessories","Wholesale and retail trade; repair of motor vehicles and motorcycles"
"373","46110","Agents selling agricultural raw materials, livestock, textile raw materials and semi-finished goods","Wholesale and retail trade; repair of motor vehicles and motorcycles"
"374","46120","Agents involved in the sale of fuels, ores, metals and industrial chemicals","Wholesale and retail trade; repair of motor vehicles and motorcycles"
"375","46130","Agents involved in the sale of timber and building materials","Wholesale and retail trade; repair of motor vehicles and motorcycles"
"376","46140","Agents involved in the sale of machinery, industrial equipment, ships and aircraft","Wholesale and retail trade; repair of motor vehicles and motorcycles"
"377","46150","Agents involved in the sale of furniture, household goods, hardware and ironmongery","Wholesale and retail trade; repair of motor vehicles and motorcycles"
"378","46160","Agents involved in the sale of textiles, clothing, fur, footwear and leather goods","Wholesale and retail trade; repair of motor vehicles and motorcycles"
"379","46170","Agents involved in the sale of food, beverages and tobacco","Wholesale and retail trade; repair of motor vehicles and motorcycles"
"380","46180","Agents specialised in the sale of other particular products","Wholesale and retail trade; repair of motor vehicles and motorcycles"
"381","46190","Agents involved in the sale of a variety of goods","Wholesale and retail trade; repair of motor vehicles and motorcycles"
"382","46210","Wholesale of grain, unmanufactured tobacco, seeds and animal feeds","Wholesale and retail trade; repair of motor vehicles and motorcycles"
"383","46220","Wholesale of flowers and plants","Wholesale and retail trade; repair of motor vehicles and motorcycles"
"384","46230","Wholesale of live animals","Wholesale and retail trade; repair of motor vehicles and motorcycles"
"385","46240","Wholesale of hides, skins and leather","Wholesale and retail trade; repair of motor vehicles and motorcycles"
"386","46310","Wholesale of fruit and vegetables","Wholesale and retail trade; repair of motor vehicles and motorcycles"
"387","46320","Wholesale of meat and meat products","Wholesale and retail trade; repair of motor vehicles and motorcycles"
"388","46330","Wholesale of dairy products, eggs and edible oils and fats","Wholesale and retail trade; repair of motor vehicles and motorcycles"
"389","46341","Wholesale of fruit and vegetable juices, mineral water and soft drinks","Wholesale and retail trade; repair of motor vehicles and motorcycles"
"390","46342","Wholesale of wine, beer, spirits and other alcoholic beverages","Wholesale and retail trade; repair of motor vehicles and motorcycles"
"391","46350","Wholesale of tobacco products","Wholesale and retail trade; repair of motor vehicles and motorcycles"
"392","46360","Wholesale of sugar and chocolate and sugar confectionery","Wholesale and retail trade; repair of motor vehicles and motorcycles"
"393","46370","Wholesale of coffee, tea, cocoa and spices","Wholesale and retail trade; repair of motor vehicles and motorcycles"
"394","46380","Wholesale of other food, including fish, crustaceans and molluscs","Wholesale and retail trade; repair of motor vehicles and motorcycles"
"395","46390","Non-specialised wholesale of food, beverages and tobacco","Wholesale and retail trade; repair of motor vehicles and motorcycles"
"396","46410","Wholesale of textiles","Wholesale and retail trade; repair of motor vehicles and motorcycles"
"397","46420","Wholesale of clothing and footwear","Wholesale and retail trade; repair of motor vehicles and motorcycles"
"398","46431","Wholesale of audio tapes, records, CDs and video tapes and the equipment on which these are played","Wholesale and retail trade; repair of motor vehicles and motorcycles"
"399","46439","Wholesale of radio, television goods & electrical household appliances (other than records, tapes, CD's & video tapes and the equipment used for playing them)","Wholesale and retail trade; repair of motor vehicles and motorcycles"
"400","46440","Wholesale of china and glassware and cleaning materials","Wholesale and retail trade; repair of motor vehicles and motorcycles"
"401","46450","Wholesale of perfume and cosmetics","Wholesale and retail trade; repair of motor vehicles and motorcycles"
"402","46460","Wholesale of pharmaceutical goods","Wholesale and retail trade; repair of motor vehicles and motorcycles"
"403","46470","Wholesale of furniture, carpets and lighting equipment","Wholesale and retail trade; repair of motor vehicles and motorcycles"
"404","46480","Wholesale of watches and jewellery","Wholesale and retail trade; repair of motor vehicles and motorcycles"
"405","46491","Wholesale of musical instruments","Wholesale and retail trade; repair of motor vehicles and motorcycles"
"406","46499","Wholesale of household goods (other than musical instruments) n.e.c","Wholesale and retail trade; repair of motor vehicles and motorcycles"
"407","46510","Wholesale of computers, computer peripheral equipment and software","Wholesale and retail trade; repair of motor vehicles and motorcycles"
"408","46520","Wholesale of electronic and telecommunications equipment and parts","Wholesale and retail trade; repair of motor vehicles and motorcycles"
"409","46610","Wholesale of agricultural machinery, equipment and supplies","Wholesale and retail trade; repair of motor vehicles and motorcycles"
"410","46620","Wholesale of machine tools","Wholesale and retail trade; repair of motor vehicles and motorcycles"
"411","46630","Wholesale of mining, construction and civil engineering machinery","Wholesale and retail trade; repair of motor vehicles and motorcycles"
"412","46640","Wholesale of machinery for the textile industry and of sewing and knitting machines","Wholesale and retail trade; repair of motor vehicles and motorcycles"
"413","46650","Wholesale of office furniture","Wholesale and retail trade; repair of motor vehicles and motorcycles"
"414","46660","Wholesale of other office machinery and equipment","Wholesale and retail trade; repair of motor vehicles and motorcycles"
"415","46690","Wholesale of other machinery and equipment","Wholesale and retail trade; repair of motor vehicles and motorcycles"
"416","46711","Wholesale of petroleum and petroleum products","Wholesale and retail trade; repair of motor vehicles and motorcycles"
"417","46719","Wholesale of other fuels and related products","Wholesale and retail trade; repair of motor vehicles and motorcycles"
"418","46720","Wholesale of metals and metal ores","Wholesale and retail trade; repair of motor vehicles and motorcycles"
"419","46730","Wholesale of wood, construction materials and sanitary equipment","Wholesale and retail trade; repair of motor vehicles and motorcycles"
"420","46740","Wholesale of hardware, plumbing and heating equipment and supplies","Wholesale and retail trade; repair of motor vehicles and motorcycles"
"421","46750","Wholesale of chemical products","Wholesale and retail trade; repair of motor vehicles and motorcycles"
"422","46760","Wholesale of other intermediate products","Wholesale and retail trade; repair of motor vehicles and motorcycles"
"423","46770","Wholesale of waste and scrap","Wholesale and retail trade; repair of motor vehicles and motorcycles"
"424","46900","Non-specialised wholesale trade","Wholesale and retail trade; repair of motor vehicles and motorcycles"
"425","47110","Retail sale in non-specialised stores with food, beverages or tobacco predominating","Wholesale and retail trade; repair of motor vehicles and motorcycles"
"426","47190","Other retail sale in non-specialised stores","Wholesale and retail trade; repair of motor vehicles and motorcycles"
"427","47210","Retail sale of fruit and vegetables in specialised stores","Wholesale and retail trade; repair of motor vehicles and motorcycles"
"428","47220","Retail sale of meat and meat products in specialised stores","Wholesale and retail trade; repair of motor vehicles and motorcycles"
"429","47230","Retail sale of fish, crustaceans and molluscs in specialised stores","Wholesale and retail trade; repair of motor vehicles and motorcycles"
"430","47240","Retail sale of bread, cakes, flour confectionery and sugar confectionery in specialised stores","Wholesale and retail trade; repair of motor vehicles and motorcycles"
"431","47250","Retail sale of beverages in specialised stores","Wholesale and retail trade; repair of motor vehicles and motorcycles"
"432","47260","Retail sale of tobacco products in specialised stores","Wholesale and retail trade; repair of motor vehicles and motorcycles"
"433","47290","Other retail sale of food in specialised stores","Wholesale and retail trade; repair of motor vehicles and motorcycles"
"434","47300","Retail sale of automotive fuel in specialised stores","Wholesale and retail trade; repair of motor vehicles and motorcycles"
"435","47410","Retail sale of computers, peripheral units and software in specialised stores","Wholesale and retail trade; repair of motor vehicles and motorcycles"
"436","47421","Retail sale of mobile telephones","Wholesale and retail trade; repair of motor vehicles and motorcycles"
"437","47429","Retail sale of telecommunications equipment other than mobile telephones","Wholesale and retail trade; repair of motor vehicles and motorcycles"
"438","47430","Retail sale of audio and video equipment in specialised stores","Wholesale and retail trade; repair of motor vehicles and motorcycles"
"439","47510","Retail sale of textiles in specialised stores","Wholesale and retail trade; repair of motor vehicles and motorcycles"
"440","47520","Retail sale of hardware, paints and glass in specialised stores","Wholesale and retail trade; repair of motor vehicles and motorcycles"
"441","47530","Retail sale of carpets, rugs, wall and floor coverings in specialised stores","Wholesale and retail trade; repair of motor vehicles and motorcycles"
"442","47540","Retail sale of electrical household appliances in specialised stores","Wholesale and retail trade; repair of motor vehicles and motorcycles"
"443","47591","Retail sale of musical instruments and scores","Wholesale and retail trade; repair of motor vehicles and motorcycles"
"444","47599","Retail of furniture, lighting, and similar (not musical instruments or scores) in specialised store","Wholesale and retail trade; repair of motor vehicles and motorcycles"
"445","47610","Retail sale of books in specialised stores","Wholesale and retail trade; repair of motor vehicles and motorcycles"
"446","47620","Retail sale of newspapers and stationery in specialised stores","Wholesale and retail trade; repair of motor vehicles and motorcycles"
"447","47630","Retail sale of music and video recordings in specialised stores","Wholesale and retail trade; repair of motor vehicles and motorcycles"
"448","47640","Retail sale of sports goods, fishing gear, camping goods, boats and bicycles","Wholesale and retail trade; repair of motor vehicles and motorcycles"
"449","47650","Retail sale of games and toys in specialised stores","Wholesale and retail trade; repair of motor vehicles and motorcycles"
"450","47710","Retail sale of clothing in specialised stores","Wholesale and retail trade; repair of motor vehicles and motorcycles"
"451","47721","Retail sale of footwear in specialised stores","Wholesale and retail trade; repair of motor vehicles and motorcycles"
"452","47722","Retail sale of leather goods in specialised stores","Wholesale and retail trade; repair of motor vehicles and motorcycles"
"453","47730","Dispensing chemist in specialised stores","Wholesale and retail trade; repair of motor vehicles and motorcycles"
"454","47741","Retail sale of hearing aids","Wholesale and retail trade; repair of motor vehicles and motorcycles"
"455","47749","Retail sale of medical and orthopaedic goods in specialised stores (not incl. hearing aids) n.e.c.","Wholesale and retail trade; repair of motor vehicles and motorcycles"
"456","47750","Retail sale of cosmetic and toilet articles in specialised stores","Wholesale and retail trade; repair of motor vehicles and motorcycles"
"457","47760","Retail sale of flowers, plants, seeds, fertilizers, pet animals and pet food in specialised stores","Wholesale and retail trade; repair of motor vehicles and motorcycles"
"458","47770","Retail sale of watches and jewellery in specialised stores","Wholesale and retail trade; repair of motor vehicles and motorcycles"
"459","47781","Retail sale in commercial art galleries","Wholesale and retail trade; repair of motor vehicles and motorcycles"
"460","47782","Retail sale by opticians","Wholesale and retail trade; repair of motor vehicles and motorcycles"
"461","47789","Other retail sale of new goods in specialised stores (not commercial art galleries and opticians)","Wholesale and retail trade; repair of motor vehicles and motorcycles"
"462","47791","Retail sale of antiques including antique books in stores","Wholesale and retail trade; repair of motor vehicles and motorcycles"
"463","47799","Retail sale of other second-hand goods in stores (not incl. antiques)","Wholesale and retail trade; repair of motor vehicles and motorcycles"
"464","47810","Retail sale via stalls and markets of food, beverages and tobacco products","Wholesale and retail trade; repair of motor vehicles and motorcycles"
"465","47820","Retail sale via stalls and markets of textiles, clothing and footwear","Wholesale and retail trade; repair of motor vehicles and motorcycles"
"466","47890","Retail sale via stalls and markets of other goods","Wholesale and retail trade; repair of motor vehicles and motorcycles"
"467","47910","Retail sale via mail order houses or via Internet","Wholesale and retail trade; repair of motor vehicles and motorcycles"
"468","47990","Other retail sale not in stores, stalls or markets","Wholesale and retail trade; repair of motor vehicles and motorcycles"
"470","49100","Passenger rail transport, interurban","Transportation and storage"
"471","49200","Freight rail transport","Transportation and storage"
"472","49311","Urban and suburban passenger railway transportation by underground, metro and similar systems","Transportation and storage"
"473","49319","Other urban, suburban or metropolitan passenger land transport (not underground, metro or similar)","Transportation and storage"
"474","49320","Taxi operation","Transportation and storage"
"475","49390","Other passenger land transport","Transportation and storage"
"476","49410","Freight transport by road","Transportation and storage"
"477","49420","Removal services","Transportation and storage"
"478","49500","Transport via pipeline","Transportation and storage"
"479","50100","Sea and coastal passenger water transport","Transportation and storage"
"480","50200","Sea and coastal freight water transport","Transportation and storage"
"481","50300","Inland passenger water transport","Transportation and storage"
"482","50400","Inland freight water transport","Transportation and storage"
"483","51101","Scheduled passenger air transport","Transportation and storage"
"484","51102","Non-scheduled passenger air transport","Transportation and storage"
"485","51210","Freight air transport","Transportation and storage"
"486","51220","Space transport","Transportation and storage"
"487","52101","Operation of warehousing and storage facilities for water transport activities","Transportation and storage"
"488","52102","Operation of warehousing and storage facilities for air transport activities","Transportation and storage"
"489","52103","Operation of warehousing and storage facilities for land transport activities","Transportation and storage"
"490","52211","Operation of rail freight terminals","Transportation and storage"
"491","52212","Operation of rail passenger facilities at railway stations","Transportation and storage"
"492","52213","Operation of bus and coach passenger facilities at bus and coach stations","Transportation and storage"
"493","52219","Other service activities incidental to land transportation, n.e.c.","Transportation and storage"
"494","52220","Service activities incidental to water transportation","Transportation and storage"
"495","52230","Service activities incidental to air transportation","Transportation and storage"
"496","52241","Cargo handling for water transport activities","Transportation and storage"
"497","52242","Cargo handling for air transport activities","Transportation and storage"
"498","52243","Cargo handling for land transport activities","Transportation and storage"
"499","52290","Other transportation support activities","Transportation and storage"
"500","53100","Postal activities under universal service obligation","Transportation and storage"
"501","53201","Licensed carriers","Transportation and storage"
"502","53202","Unlicensed carriers","Transportation and storage"
"504","55100","Hotels and similar accommodation","Accommodation and food service activities"
"505","55201","Holiday centres and villages","Accommodation and food service activities"
"506","55202","Youth hostels","Accommodation and food service activities"
"507","55209","Other holiday and other collective accommodation","Accommodation and food service activities"
"508","55300","Recreational vehicle parks, trailer parks and camping grounds","Accommodation and food service activities"
"509","55900","Other accommodation","Accommodation and food service activities"
"510","56101","Licenced restaurants","Accommodation and food service activities"
"511","56102","Unlicenced restaurants and cafes","Accommodation and food service activities"
"512","56103","Take-away food shops and mobile food stands","Accommodation and food service activities"
"513","56210","Event catering activities","Accommodation and food service activities"
"514","56290","Other food services","Accommodation and food service activities"
"515","56301","Licenced clubs","Accommodation and food service activities"
"516","56302","Public houses and bars","Accommodation and food service activities"
"518","58110","Book publishing","Information and communication"
"519","58120","Publishing of directories and mailing lists","Information and communication"
"520","58130","Publishing of newspapers","Information and communication"
"521","58141","Publishing of learned journals","Information and communication"
"522","58142","Publishing of  consumer and business journals and periodicals","Information and communication"
"523","58190","Other publishing activities","Information and communication"
"524","58210","Publishing of computer games","Information and communication"
"525","58290","Other software publishing","Information and communication"
"526","59111","Motion picture production activities","Information and communication"
"527","59112","Video production activities","Information and communication"
"528","59113","Television programme production activities","Information and communication"
"529","59120","Motion picture, video and television programme post-production activities","Information and communication"
"530","59131","Motion picture distribution activities","Information and communication"
"531","59132","Video distribution activities","Information and communication"
"532","59133","Television programme distribution activities","Information and communication"
"533","59140","Motion picture projection activities","Information and communication"
"534","59200","Sound recording and music publishing activities","Information and communication"
"535","60100","Radio broadcasting","Information and communication"
"536","60200","Television programming and broadcasting activities","Information and communication"
"537","61100","Wired telecommunications activities","Information and communication"
"538","61200","Wireless telecommunications activities","Information and communication"
"539","61300","Satellite telecommunications activities","Information and communication"
"540","61900","Other telecommunications activities","Information and communication"
"541","62011","Ready-made interactive leisure and entertainment software development","Information and communication"
"542","62012","Business and domestic software development","Information and communication"
"543","62020","Information technology consultancy activities","Information and communication"
"544","62030","Computer facilities management activities","Information and communication"
"545","62090","Other information technology service activities","Information and communication"
"546","63110","Data processing, hosting and related activities","Information and communication"
"547","63120","Web portals","Information and communication"
"548","63910","News agency activities","Information and communication"
"549","63990","Other information service activities n.e.c.","Information and communication"
"551","64110","Central banking","Financial and insurance activities"
"552","64191","Banks","Financial and insurance activities"
"553","64192","Building societies","Financial and insurance activities"
"554","64201","Activities of agricultural holding companies","Financial and insurance activities"
"555","64202","Activities of production holding companies","Financial and insurance activities"
"556","64203","Activities of construction holding companies","Financial and insurance activities"
"557","64204","Activities of distribution holding companies","Financial and insurance activities"
"558","64205","Activities of financial services holding companies","Financial and insurance activities"
"559","64209","Activities of other holding companies n.e.c.","Financial and insurance activities"
"560","64301","Activities of investment trusts","Financial and insurance activities"
"561","64302","Activities of unit trusts","Financial and insurance activities"
"562","64303","Activities of venture and development capital companies","Financial and insurance activities"
"563","64304","Activities of open-ended investment companies","Financial and insurance activities"
"564","64305","Activities of property unit trusts","Financial and insurance activities"
"565","64306","Activities of real estate investment trusts","Financial and insurance activities"
"566","64910","Financial leasing","Financial and insurance activities"
"567","64921","Credit granting by non-deposit taking finance houses and other specialist consumer credit grantors","Financial and insurance activities"
"568","64922","Activities of mortgage finance companies","Financial and insurance activities"
"569","64929","Other credit granting n.e.c.","Financial and insurance activities"
"570","64991","Security dealing on own account","Financial and insurance activities"
"571","64992","Factoring","Financial and insurance activities"
"572","64999","Financial intermediation not elsewhere classified","Financial and insurance activities"
"573","65110","Life insurance","Financial and insurance activities"
"574","65120","Non-life insurance","Financial and insurance activities"
"575","65201","Life reinsurance","Financial and insurance activities"
"576","65202","Non-life reinsurance","Financial and insurance activities"
"577","65300","Pension funding","Financial and insurance activities"
"578","66110","Administration of financial markets","Financial and insurance activities"
"579","66120","Security and commodity contracts dealing activities","Financial and insurance activities"
"580","66190","Activities auxiliary to financial intermediation n.e.c.","Financial and insurance activities"
"581","66210","Risk and damage evaluation","Financial and insurance activities"
"582","66220","Activities of insurance agents and brokers","Financial and insurance activities"
"583","66290","Other activities auxiliary to insurance and pension funding","Financial and insurance activities"
"584","66300","Fund management activities","Financial and insurance activities"
"586","68100","Buying and selling of own real estate","Real estate activities"
"587","68201","Renting and operating of Housing Association real estate","Real estate activities"
"588","68202","Letting and operating of conference and exhibition centres","Real estate activities"
"589","68209","Other letting and operating of own or leased real estate","Real estate activities"
"590","68310","Real estate agencies","Real estate activities"
"591","68320","Management of real estate on a fee or contract basis","Real estate activities"
"593","69101","Barristers at law","Professional, scientific and technical activities"
"594","69102","Solicitors","Professional, scientific and technical activities"
"595","69109","Activities of patent and copyright agents; other legal activities n.e.c.","Professional, scientific and technical activities"
"596","69201","Accounting and auditing activities","Professional, scientific and technical activities"
"597","69202","Bookkeeping activities","Professional, scientific and technical activities"
"598","69203","Tax consultancy","Professional, scientific and technical activities"
"599","70100","Activities of head offices","Professional, scientific and technical activities"
"600","70210","Public relations and communications activities","Professional, scientific and technical activities"
"601","70221","Financial management","Professional, scientific and technical activities"
"602","70229","Management consultancy activities other than financial management","Professional, scientific and technical activities"
"603","71111","Architectural activities","Professional, scientific and technical activities"
"604","71112","Urban planning and landscape architectural activities","Professional, scientific and technical activities"
"605","71121","Engineering design activities for industrial process and production","Professional, scientific and technical activities"
"606","71122","Engineering related scientific and technical consulting activities","Professional, scientific and technical activities"
"607","71129","Other engineering activities","Professional, scientific and technical activities"
"608","71200","Technical testing and analysis","Professional, scientific and technical activities"
"609","72110","Research and experimental development on biotechnology","Professional, scientific and technical activities"
"610","72190","Other research and experimental development on natural sciences and engineering","Professional, scientific and technical activities"
"611","72200","Research and experimental development on social sciences and humanities","Professional, scientific and technical activities"
"612","73110","Advertising agencies","Professional, scientific and technical activities"
"613","73120","Media representation services","Professional, scientific and technical activities"
"614","73200","Market research and public opinion polling","Professional, scientific and technical activities"
"615","74100","specialised design activities","Professional, scientific and technical activities"
"616","74201","Portrait photographic activities","Professional, scientific and technical activities"
"617","74202","Other specialist photography","Professional, scientific and technical activities"
"618","74203","Film processing","Professional, scientific and technical activities"
"619","74209","Photographic activities not elsewhere classified","Professional, scientific and technical activities"
"620","74300","Translation and interpretation activities","Professional, scientific and technical activities"
"621","74901","Environmental consulting activities","Professional, scientific and technical activities"
"622","74902","Quantity surveying activities","Professional, scientific and technical activities"
"623","74909","Other professional, scientific and technical activities n.e.c.","Professional, scientific and technical activities"
"624","74990","Non-trading company non trading","Professional, scientific and technical activities"
"625","75000","Veterinary activities","Professional, scientific and technical activities"
"627","77110","Renting and leasing of cars and light motor vehicles","Administrative and support service activities"
"628","77120","Renting and leasing of trucks and other heavy vehicles","Administrative and support service activities"
"629","77210","Renting and leasing of recreational and sports goods","Administrative and support service activities"
"630","77220","Renting of video tapes and disks","Administrative and support service activities"
"631","77291","Renting and leasing of media entertainment equipment","Administrative and support service activities"
"632","77299","Renting and leasing of other personal and household goods","Administrative and support service activities"
"633","77310","Renting and leasing of agricultural machinery and equipment","Administrative and support service activities"
"634","77320","Renting and leasing of construction and civil engineering machinery and equipment","Administrative and support service activities"
"635","77330","Renting and leasing of office machinery and equipment (including computers)","Administrative and support service activities"
"636","77341","Renting and leasing of passenger water transport equipment","Administrative and support service activities"
"637","77342","Renting and leasing of freight water transport equipment","Administrative and support service activities"
"638","77351","Renting and leasing of air passenger transport equipment","Administrative and support service activities"
"639","77352","Renting and leasing of freight air transport equipment","Administrative and support service activities"
"640","77390","Renting and leasing of other machinery, equipment and tangible goods n.e.c.","Administrative and support service activities"
"641","77400","Leasing of intellectual property and similar products, except copyright works","Administrative and support service activities"
"642","78101","Motion picture, television and other theatrical casting activities","Administrative and support service activities"
"643","78109","Other activities of employment placement agencies","Administrative and support service activities"
"644","78200","Temporary employment agency activities","Administrative and support service activities"
"645","78300","Human resources provision and management of human resources functions","Administrative and support service activities"
"646","79110","Travel agency activities","Administrative and support service activities"
"647","79120","Tour operator activities","Administrative and support service activities"
"648","79901","Activities of tourist guides","Administrative and support service activities"
"649","79909","Other reservation service activities n.e.c.","Administrative and support service activities"
"650","80100","Private security activities","Administrative and support service activities"
"651","80200","Security systems service activities","Administrative and support service activities"
"652","80300","Investigation activities","Administrative and support service activities"
"653","81100","Combined facilities support activities","Administrative and support service activities"
"654","81210","General cleaning of buildings","Administrative and support service activities"
"655","81221","Window cleaning services","Administrative and support service activities"
"656","81222","Specialised cleaning services","Administrative and support service activities"
"657","81223","Furnace and chimney cleaning services","Administrative and support service activities"
"658","81229","Other building and industrial cleaning activities","Administrative and support service activities"
"659","81291","Disinfecting and exterminating services","Administrative and support service activities"
"660","81299","Other cleaning services","Administrative and support service activities"
"661","81300","Landscape service activities","Administrative and support service activities"
"662","82110","Combined office administrative service activities","Administrative and support service activities"
"663","82190","Photocopying, document preparation and other specialised office support activities","Administrative and support service activities"
"664","82200","Activities of call centres","Administrative and support service activities"
"665","82301","Activities of exhibition and fair organisers","Administrative and support service activities"
"666","82302","Activities of conference organisers","Administrative and support service activities"
"667","82911","Activities of collection agencies","Administrative and support service activities"
"668","82912","Activities of credit bureaus","Administrative and support service activities"
"669","82920","Packaging activities","Administrative and support service activities"
"670","82990","Other business support service activities n.e.c.","Administrative and support service activities"
"672","84110","General public administration activities","Public administration and defence; compulsory social security"
"673","84120","Regulation of health care, education, cultural and other social services, not incl. social security","Public administration and defence; compulsory social security"
"674","84130","Regulation of and contribution to more efficient operation of businesses","Public administration and defence; compulsory social security"
"675","84210","Foreign affairs","Public administration and defence; compulsory social security"
"676","84220","Defence activities","Public administration and defence; compulsory social security"
"677","84230","Justice and judicial activities","Public administration and defence; compulsory social security"
"678","84240","Public order and safety activities","Public administration and defence; compulsory social security"
"679","84250","Fire service activities","Public administration and defence; compulsory social security"
"680","84300","Compulsory social security activities","Public administration and defence; compulsory social security"
"682","85100","Pre-primary education","Education"
"683","85200","Primary education","Education"
"684","85310","General secondary education","Education"
"685","85320","Technical and vocational secondary education","Education"
"686","85410","Post-secondary non-tertiary education","Education"
"687","85421","First-degree level higher education","Education"
"688","85422","Post-graduate level higher education","Education"
"689","85510","Sports and recreation education","Education"
"690","85520","Cultural education","Education"
"691","85530","Driving school activities","Education"
"692","85590","Other education n.e.c.","Education"
"693","85600","Educational support services","Education"
"695","86101","Hospital activities","Human health and social work activities"
"696","86102","Medical nursing home activities","Human health and social work activities"
"697","86210","General medical practice activities","Human health and social work activities"
"698","86220","Specialists medical practice activities","Human health and social work activities"
"699","86230","Dental practice activities","Human health and social work activities"
"700","86900","Other human health activities","Human health and social work activities"
"701","87100","Residential nursing care facilities","Human health and social work activities"
"702","87200","Residential care activities for learning difficulties, mental health and substance abuse","Human health and social work activities"
"703","87300","Residential care activities for the elderly and disabled","Human health and social work activities"
"704","87900","Other residential care activities n.e.c.","Human health and social work activities"
"705","88100","Social work activities without accommodation for the elderly and disabled","Human health and social work activities"
"706","88910","Child day-care activities","Human health and social work activities"
"707","88990","Other social work activities without accommodation n.e.c.","Human health and social work activities"
"709","90010","Performing arts","Arts, entertainment and recreation"
"710","90020","Support activities to performing arts","Arts, entertainment and recreation"
"711","90030","Artistic creation","Arts, entertainment and recreation"
"712","90040","Operation of arts facilities","Arts, entertainment and recreation"
"713","91011","Library activities","Arts, entertainment and recreation"
"714","91012","Archives activities","Arts, entertainment and recreation"
"715","91020","Museums activities","Arts, entertainment and recreation"
"716","91030","Operation of historical sites and buildings and similar visitor attractions","Arts, entertainment and recreation"
"717","91040","Botanical and zoological gardens and nature reserves activities","Arts, entertainment and recreation"
"718","92000","Gambling and betting activities","Arts, entertainment and recreation"
"719","93110","Operation of sports facilities","Arts, entertainment and recreation"
"720","93120","Activities of sport clubs","Arts, entertainment and recreation"
"721","93130","Fitness facilities","Arts, entertainment and recreation"
"722","93191","Activities of racehorse owners","Arts, entertainment and recreation"
"723","93199","Other sports activities","Arts, entertainment and recreation"
"724","93210","Activities of amusement parks and theme parks","Arts, entertainment and recreation"
"725","93290","Other amusement and recreation activities n.e.c.","Arts, entertainment and recreation"
"727","94110","Activities of business and employers membership organisations","Other service activities"
"728","94120","Activities of professional membership organisations","Other service activities"
"729","94200","Activities of trade unions","Other service activities"
"730","94910","Activities of religious organisations","Other service activities"
"731","94920","Activities of political organisations","Other service activities"
"732","94990","Activities of other membership organisations n.e.c.","Other service activities"
"733","95110","Repair of computers and peripheral equipment","Other service activities"
"734","95120","Repair of communication equipment","Other service activities"
"735","95210","Repair of consumer electronics","Other service activities"
"736","95220","Repair of household appliances and home and garden equipment","Other service activities"
"737","95230","Repair of footwear and leather goods","Other service activities"
"738","95240","Repair of furniture and home furnishings","Other service activities"
"739","95250","Repair of watches, clocks and jewellery","Other service activities"
"740","95290","Repair of personal and household goods n.e.c.","Other service activities"
"741","96010","Washing and (dry-)cleaning of textile and fur products","Other service activities"
"742","96020","Hairdressing and other beauty treatment","Other service activities"
"743","96030","Funeral and related activities","Other service activities"
"744","96040","Physical well-being activities","Other service activities"
"745","96090","Other service activities n.e.c.","Other service activities"
"747","97000","Activities of households as employers of domestic personnel","Activities of households as employers; undifferentiated goods- and services-producing activities of households for own use"
"748","98000","Residents property management","Activities of households as employers; undifferentiated goods- and services-producing activities of households for own use"
"749","98100","Undifferentiated goods-producing activities of private households for own use","Activities of households as employers; undifferentiated goods- and services-producing activities of households for own use"
"750","98200","Undifferentiated service-producing activities of private households for own use","Activities of households as employers; undifferentiated goods- and services-producing activities of households for own use"
"752","99000","Activities of extraterritorial organisations and bodies","Activities of extraterritorial organisations and bodies"
"753","99999","Dormant Company","Activities of extraterritorial organisations and bodies"
